DIST_CODE,DISTRICT,PROVINCE,Area_km,rep_lat,rep_lon
101001,Chibombo,Central,8210.22858036,-14.856809557941675,27.639515802793124
101002,Chisamba,Central,5214.07471969,-14.77225243272601,28.459351337988288
101003,Chitambo,Central,11991.1176826,-12.890179642252301,30.50850179885301
101005,Kabwe,Central,1571.78214373,-14.457717692425499,28.39954978352809
101006,Kapiri Mposhi,Central,9707.13406543,-14.195724089181624,28.486575712057835
101007,Luano,Central,9200.7885202,-14.461232844847181,29.568315265752574
101008,Mkushi,Central,8466.63219764,-13.76483784690858,29.483264558160766
101009,Mumbwa,Central,19847.055723100002,-14.957426285816155,26.469260432616352
101010,Ngabwe,Central,7194.3098767,-14.095346721959285,27.377632126784956
101011,Serenje,Central,11546.728844699997,-13.188394662430891,30.176308058981718
101012,Shibuyunji,Central,1639.53629347,-15.331722562986394,27.68293392979677
102001,Chililabombwe,Copperbelt,1017.98403893,-12.357832255432044,27.761400950415045
102002,Chingola,Copperbelt,1730.28255976,-12.504409551513248,27.788423898056532
102003,Kalulushi,Copperbelt,1030.34464031,-12.761364477810451,27.85478551377939
102004,Kitwe,Copperbelt,806.795362127,-12.83006549723538,28.26231856716724
102005,Luanshya,Copperbelt,926.602912545,-13.074406993627147,28.3478484403372
102006,Lufwanyama,Copperbelt,13548.7526261,-12.95077058454356,27.571993640519228
102007,Masaiti,Copperbelt,3679.70055419,-13.3415695720849,28.686405446142743
102008,Mpongwe,Copperbelt,6124.96407611,-13.578571154834016,27.63194820900371
102009,Mufulira,Copperbelt,1271.57565803,-12.560539894710736,28.25449243665878
102010,Ndola,Copperbelt,953.721374461,-12.945762086061274,28.53642132280907
103001,Chadiza,Eastern,1612.44078272,-14.108349867884845,32.47426146336626
106001,Chama,Eastern,17446.7394598,-11.274261558994112,32.79795449792247
103010,Chasefu,Eastern,2959.34872578,-11.92115029161749,33.15369705222072
103011,Chipangali,Eastern,2703.92990659,-13.317504106658804,32.68179476921846
103002,Chipata,Eastern,1800.00361259,-13.742202837303385,32.6374792109801
103012,Kasenengwa,Eastern,1989.02687838,-13.669043779656452,32.2639017218482
103003,Katete,Eastern,2385.27493264,-14.04761208785444,32.02215597647295
103013,Lumezi,Eastern,9897.59377801,-12.696006869744597,32.53921900409621
103004,Lundazi,Eastern,1393.58163384,-12.415151538303089,33.336537508921595
103014,Lusangazi,Eastern,3705.96475886,-13.859889205836918,31.45786465512242
103005,Mambwe,Eastern,5782.63232007,-13.356819954603074,32.02441272559174
103006,Nyimba,Eastern,10446.4905208,-14.393172034368295,30.58175484027835
103007,Petauke,Eastern,3642.93584432,-14.383119664276396,31.28561030129327
103008,Sinda,Eastern,2638.66128555,-14.257904833195923,31.778390434008244
103009,Vubwi,Eastern,954.7544202,-13.992913947411273,32.903697154504904
104001,Chembe,Luapula,2160.20637551,-11.746489653107226,28.642434363186524
104002,Chiengi,Luapula,3792.88925075,-8.777030987968669,29.081089260425564
104012,Chifunabuli,Luapula,3062.5508760100006,-11.090289675695793,29.65732339776443
104003,Chipili,Luapula,4220.92240723,-10.48029887665258,29.139852806414353
104004,Kawambwa,Luapula,8007.50407829,-9.76540563657765,29.375894383899137
104005,Lunga,Luapula,3805.35897246,-11.570427973453375,30.123211497052523
104006,Mansa,Luapula,7675.62771499,-11.124253859155099,28.964650217056644
104007,Milengi,Luapula,6066.37603037,-11.93845116682899,29.212117707545346
104008,Mwansabombwe,Luapula,1214.22282327,-9.925101928555216,28.783000600825055
104009,Mwense,Luapula,2407.1724439399995,-10.519961774525974,28.74023114369843
104010,Nchelenge,Luapula,4091.71404294,-9.367693731186094,28.727251988411304
104011,Samfya,Luapula,3288.9859099000005,-11.74691676772026,29.64767270431246
105001,Chilanga,Lusaka,1357.66789159,-15.45054586909527,28.087727812479812
105003,Chongwe,Lusaka,2438.79949471,-15.38954192145183,28.620204107316955
105004,Kafue,Lusaka,4485.48971595,-15.722868427646306,28.677158355436184
105005,Luangwa,Lusaka,3897.42291239,-15.352873469070207,30.068431872066355
105006,Lusaka,Lusaka,418.723730205,-15.426299865602806,28.313390094322912
105007,Rufunsa,Lusaka,9504.754063690001,-15.163511191426368,29.464534166872937
106002,Chinsali,Muchinga,6287.405735820001,-10.297754829739244,32.21500478504714
106003,Isoka,Muchinga,5177.01231703,-10.021991473038312,32.773335167113274
106008,Kanchibiya,Muchinga,8801.0530066,-11.535400876371614,30.863279130109298
106009,Lavushimanda,Muchinga,14200.7719821,-12.592670126183034,31.023145376345965
106004,Mafinga,Muchinga,4191.26311255,-10.323070662117107,33.263478001137614
106005,Mpika,Muchinga,17235.3951942,-12.050055068235253,31.763808650863723
106006,Nakonde,Muchinga,4382.86933236,-9.465215692324644,32.60900312943121
106007,Shiwang'Andu,Muchinga,9254.196523,-11.088105071602808,31.834737646271805
108001,Chavuma,North-Western,4859.52918897,-13.292923920421703,22.319710719279158
108002,Ikelenge,North-Western,2204.51015843,-11.253720804752739,24.215055370477195
108003,Kabompo,North-Western,7134.99571264,-13.517140349790058,23.987813261144943
108010,Kalumbila,North-Western,16424.0270566,-12.362423913801251,25.67123239914624
108004,Kasempa,North-Western,21864.5027691,-13.795275271220031,26.257067645524234
108005,Manyinga,North-Western,7432.335388569999,-13.080897276198817,24.311693004040144
108006,Mufumbwe,North-Western,18882.4541341,-13.76606490949339,25.0351488689812
108011,Mushindano,North-Western,10433.4104638,-12.500052818828188,26.836450528157712
108007,Mwinilunga,North-Western,18728.1538126,-12.156263693223735,24.585537515516293
108008,Solwezi,North-Western,3338.971941,-12.30420435256355,26.51028896370687
108009,Zambezi,North-Western,14027.1466439,-13.598935056675494,22.831930957471585
107001,Chilubi,Northern,5174.6320673,-11.090285355359594,30.294952022481468
107002,Kaputa,Northern,5028.39567428,-8.814083973547042,29.464210883928747
107003,Kasama,Northern,10620.886898,-10.550518745896182,31.028839875744104
107011,Lunte,Northern,7793.88345236,-9.828375029213376,30.256780216244238
107012,Lupososhi,Northern,4122.39113876,-10.65585317298634,29.598557422537205
107004,Luwingu,Northern,4904.27531851,-10.5502804720462,30.18061306006556
107005,Mbala,Northern,3362.74412844,-8.963777300320228,31.4718142664399
107006,Mporokoso,Northern,4194.20194006,-9.463510070082162,29.93093100595015
107007,Mpulungu,Northern,10103.9239411,-8.983397845294505,30.71713823969135
107008,Mungwi,Northern,9819.40745127,-9.991767109369118,31.6840493471077
107009,Nsama,Northern,7495.42376764,-8.814316178023496,29.947669223251083
107010,Senga Hill,Northern,5214.99293472,-9.277129253317513,31.8256933817953
109001,Chikankanta,Southern,2789.5096165300006,-16.031793735459704,28.219780540425358
105002,Chirundu,Southern,1395.21890288,-16.103559798901863,28.641524689451906
109002,Choma,Southern,5153.65671015,-16.859737605577028,27.048498624733256
109003,Gwembe,Southern,3999.94087755,-16.660734782092867,28.00473766124739
101004,Itezhi-Tezhi,Southern,15758.863354,-15.923356321273932,25.873306140771895
109004,Kalomo,Southern,8378.52119582,-16.842853402921,26.430536135839972
109005,Kazungula,Southern,18030.4365897,-17.051230942230966,25.694849157206654
109006,Livingstone,Southern,688.757547964,-17.81019047417093,25.82517456229867
109007,Mazabuka,Southern,3921.2520003,-15.89449855309519,27.776959963789402
109008,Monze,Southern,4784.21643912,-16.128539935408874,27.34190273639753
109009,Namwala,Southern,5680.74709438,-15.957077469878602,26.79243729121734
109010,Pemba,Southern,1892.36344075,-16.76497981195653,27.40222558645667
109011,Siavonga,Southern,2557.1913408,-16.407840617372322,28.477657035331916
109012,Sinazongwe,Southern,4826.20764934,-17.456514268270233,27.282029631778023
109013,Zimba,Southern,5447.86099004,-17.666906451328064,26.6194704850518
110001,Kalabo,Western,9125.00370077,-14.856170125901352,22.786082569019
110002,Kaoma,Western,9003.3759001,-14.51846037996599,24.62136303713769
110003,Limulunga,Western,3938.00406034,-14.959675933085457,23.38789568014591
110004,Luampa,Western,10265.9865382,-15.407379148947008,24.818817254440468
110005,Lukulu,Western,9430.17417839,-14.375072664490666,23.847223809540665
110006,Mitete,Western,6423.04827562,-14.2749492809815,22.930789166663175
110007,Mongu,Western,6020.34606727,-15.443225932056405,23.718198486722365
110008,Mulobezi,Western,12193.7677092,-16.280301471449107,24.72657050453616
110009,Mwandi,Western,5814.33850176,-17.112223365604702,24.683686604336515
110010,Nalolo,Western,4781.63636425,-15.830897828258422,22.879364952171485
110011,Nkeyema,Western,3775.05438988,-14.86382341107069,25.169342436771394
110012,Senanga,Western,10682.4293677,-16.023297590845303,23.69347829562941
110013,Sesheke,Western,11794.779180499998,-16.93103896789595,23.863697615675214
110014,Shangombo,Western,7811.81102477,-16.49487628680427,22.484809916897895
110015,Sikongo,Western,8133.55627236,-15.322965434636359,22.247363367438027
110016,Sioma,Western,8528.0257154,-16.756805406564002,23.145389733494547
