district,year,month,date,anc1,anc_1trimester,anc4,sba,idelv,pnc48h,total_stillbirth,maternal_deaths,neonatal_deaths,bcg,penta1,penta3,measles1,opd_total,ipd_total,rr_anc,rr_idelv,rr_vacc,rr_opd,rr_ipd,total_pop,under5_pop,under1_pop,live_births,women15_49,total_hospitals,total_facilities,total_beds,lat,lon
Senanga,2014,January,2014-01-01,218.0,126.0,96.0,146.0,153.0,127.0,0,,,224.0,212.0,165.0,191.0,,,100.0,100.0,100.0,100.0,100.0,76725,18268,3816,2741,29013,1,20,114,-16.104099,23.301807
Sinazongwe,2014,January,2014-01-01,173.0,47.0,184.0,73.0,74.0,54.0,2,,,282.0,468.0,365.0,487.0,,,100.0,100.0,100.0,100.0,100.0,122031,22529,4819,2948,28728,1,31,180,-17.2609464,27.4605687
Senanga,2014,February,2014-02-01,213.0,87.0,132.0,154.0,161.0,146.0,4,,,365.0,237.0,188.0,203.0,,,100.0,100.0,100.0,100.0,100.0,76725,18268,3816,2741,29013,1,20,114,-16.104099,23.301807
Sinazongwe,2014,February,2014-02-01,326.0,52.0,113.0,149.0,152.0,136.0,0,,,709.0,366.0,398.0,292.0,,,100.0,100.0,100.0,100.0,100.0,122031,22529,4819,2948,28728,1,31,180,-17.2609464,27.4605687
Senanga,2014,March,2014-03-01,255.0,51.0,71.0,174.0,186.0,169.0,1,,,199.0,188.0,165.0,200.0,,,100.0,100.0,100.0,100.0,100.0,76725,18268,3816,2741,29013,1,20,114,-16.104099,23.301807
Sinazongwe,2014,March,2014-03-01,230.0,63.0,134.0,177.0,178.0,123.0,5,,,373.0,378.0,361.0,301.0,,,100.0,100.0,100.0,100.0,100.0,122031,22529,4819,2948,28728,1,31,180,-17.2609464,27.4605687
Senanga,2014,April,2014-04-01,227.0,53.0,69.0,177.0,181.0,150.0,4,,1.0,140.0,151.0,166.0,135.0,,,100.0,100.0,100.0,100.0,100.0,76725,18268,3816,2741,29013,1,20,114,-16.104099,23.301807
Sinazongwe,2014,April,2014-04-01,353.0,59.0,125.0,183.0,200.0,151.0,3,,,285.0,346.0,251.0,277.0,,,100.0,100.0,100.0,100.0,100.0,122031,22529,4819,2948,28728,1,31,180,-17.2609464,27.4605687
Senanga,2014,May,2014-05-01,207.0,107.0,77.0,168.0,180.0,163.0,4,1.0,2.0,211.0,199.0,221.0,165.0,,,100.0,100.0,100.0,100.0,100.0,76725,18268,3816,2741,29013,1,20,114,-16.104099,23.301807
Sinazongwe,2014,May,2014-05-01,363.0,104.0,137.0,108.0,131.0,94.0,0,1.0,3.0,259.0,269.0,366.0,281.0,,,100.0,100.0,100.0,100.0,100.0,122031,22529,4819,2948,28728,1,31,180,-17.2609464,27.4605687
Senanga,2014,June,2014-06-01,249.0,60.0,65.0,134.0,151.0,173.0,2,,,260.0,233.0,235.0,219.0,,,100.0,100.0,100.0,100.0,100.0,76725,18268,3816,2741,29013,1,20,114,-16.104099,23.301807
Sinazongwe,2014,June,2014-06-01,215.0,35.0,93.0,149.0,166.0,134.0,3,,,121.0,106.0,69.0,80.0,,,100.0,100.0,100.0,100.0,100.0,122031,22529,4819,2948,28728,1,31,180,-17.2609464,27.4605687
Senanga,2014,July,2014-07-01,207.0,67.0,87.0,134.0,137.0,118.0,0,,1.0,155.0,166.0,165.0,152.0,,,100.0,100.0,100.0,100.0,100.0,76725,18268,3816,2741,29013,1,20,114,-16.104099,23.301807
Sinazongwe,2014,July,2014-07-01,202.0,63.0,106.0,147.0,157.0,140.0,6,,2.0,427.0,330.0,298.0,478.0,,,100.0,100.0,100.0,100.0,100.0,122031,22529,4819,2948,28728,1,31,180,-17.2609464,27.4605687
Senanga,2014,August,2014-08-01,209.0,68.0,71.0,178.0,174.0,169.0,3,,4.0,227.0,189.0,138.0,262.0,,,100.0,100.0,100.0,100.0,100.0,76725,18268,3816,2741,29013,1,20,114,-16.104099,23.301807
Sinazongwe,2014,August,2014-08-01,213.0,28.0,73.0,152.0,177.0,115.0,9,1.0,5.0,56.0,99.0,83.0,99.0,,,100.0,100.0,100.0,100.0,100.0,122031,22529,4819,2948,28728,1,31,180,-17.2609464,27.4605687
Senanga,2014,September,2014-09-01,202.0,75.0,86.0,139.0,162.0,132.0,3,,1.0,75.0,127.0,100.0,115.0,,,100.0,100.0,100.0,100.0,100.0,76725,18268,3816,2741,29013,1,20,114,-16.104099,23.301807
Sinazongwe,2014,September,2014-09-01,304.0,52.0,86.0,115.0,152.0,115.0,2,,,485.0,458.0,341.0,456.0,,,100.0,100.0,100.0,100.0,100.0,122031,22529,4819,2948,28728,1,31,180,-17.2609464,27.4605687
Senanga,2014,October,2014-10-01,288.0,41.0,73.0,171.0,188.0,184.0,2,1.0,1.0,250.0,231.0,214.0,228.0,,,100.0,100.0,100.0,100.0,100.0,76725,18268,3816,2741,29013,1,20,114,-16.104099,23.301807
Sinazongwe,2014,October,2014-10-01,230.0,114.0,90.0,151.0,163.0,134.0,7,,,262.0,377.0,294.0,213.0,,,100.0,100.0,100.0,100.0,100.0,122031,22529,4819,2948,28728,1,31,180,-17.2609464,27.4605687
Senanga,2014,November,2014-11-01,243.0,52.0,65.0,157.0,170.0,179.0,4,,3.0,173.0,183.0,121.0,146.0,,,100.0,100.0,100.0,100.0,100.0,76725,18268,3816,2741,29013,1,20,114,-16.104099,23.301807
Sinazongwe,2014,November,2014-11-01,176.0,62.0,39.0,112.0,118.0,70.0,7,,,320.0,278.0,236.0,289.0,,,100.0,100.0,100.0,100.0,100.0,122031,22529,4819,2948,28728,1,31,180,-17.2609464,27.4605687
Senanga,2014,December,2014-12-01,176.0,75.0,58.0,156.0,166.0,155.0,2,,2.0,177.0,135.0,191.0,121.0,,,100.0,100.0,100.0,100.0,100.0,76725,18268,3816,2741,29013,1,20,114,-16.104099,23.301807
Sinazongwe,2014,December,2014-12-01,320.0,44.0,112.0,138.0,141.0,117.0,5,1.0,,216.0,201.0,233.0,241.0,,,100.0,100.0,100.0,100.0,100.0,122031,22529,4819,2948,28728,1,31,180,-17.2609464,27.4605687
Senanga,2015,January,2015-01-01,150.0,71.0,55.0,28.0,66.0,59.0,0,,1.0,175.0,160.0,162.0,148.0,,,100.0,100.0,100.0,100.0,100.0,78009,18590,3871,2400,29499,1,20,114,-16.104099,23.301807
Sinazongwe,2015,January,2015-01-01,478.0,48.0,456.0,183.0,299.0,323.0,4,,1.0,134.0,535.0,512.0,432.0,,,100.0,100.0,100.0,100.0,100.0,126876,23229,4951,3358,29867,1,31,180,-17.2609464,27.4605687
Senanga,2015,February,2015-02-01,152.0,95.0,38.0,39.0,89.0,68.0,0,,,131.0,112.0,93.0,105.0,,,100.0,100.0,100.0,100.0,100.0,78009,18590,3871,2400,29499,1,20,114,-16.104099,23.301807
Sinazongwe,2015,February,2015-02-01,658.0,70.0,220.0,210.0,253.0,90.0,1,,1.0,112.0,448.0,337.0,509.0,,,100.0,100.0,100.0,100.0,100.0,126876,23229,4951,3358,29867,1,31,180,-17.2609464,27.4605687
Senanga,2015,March,2015-03-01,102.0,41.0,30.0,55.0,107.0,81.0,2,,,39.0,105.0,69.0,92.0,,,100.0,100.0,100.0,100.0,100.0,78009,18590,3871,2400,29499,1,20,114,-16.104099,23.301807
Sinazongwe,2015,March,2015-03-01,408.0,58.0,369.0,229.0,249.0,254.0,3,,,522.0,481.0,503.0,586.0,,,100.0,100.0,100.0,100.0,100.0,126876,23229,4951,3358,29867,1,31,180,-17.2609464,27.4605687
Senanga,2015,April,2015-04-01,135.0,43.0,34.0,19.0,95.0,64.0,3,,,170.0,154.0,89.0,116.0,,,100.0,100.0,100.0,100.0,100.0,78009,18590,3871,2400,29499,1,20,114,-16.104099,23.301807
Sinazongwe,2015,April,2015-04-01,518.0,44.0,492.0,191.0,213.0,242.0,1,,1.0,490.0,479.0,532.0,573.0,,,100.0,100.0,100.0,100.0,100.0,126876,23229,4951,3358,29867,1,31,180,-17.2609464,27.4605687
Senanga,2015,May,2015-05-01,153.0,67.0,51.0,33.0,85.0,72.0,0,,,135.0,118.0,128.0,140.0,,,100.0,100.0,100.0,100.0,100.0,78009,18590,3871,2400,29499,1,20,114,-16.104099,23.301807
Sinazongwe,2015,May,2015-05-01,586.0,38.0,298.0,150.0,181.0,174.0,3,,1.0,813.0,529.0,494.0,555.0,,,100.0,100.0,100.0,100.0,100.0,126876,23229,4951,3358,29867,1,31,180,-17.2609464,27.4605687
Senanga,2015,June,2015-06-01,164.0,59.0,51.0,16.0,73.0,57.0,0,,,138.0,126.0,136.0,156.0,,,100.0,100.0,100.0,100.0,100.0,78009,18590,3871,2400,29499,1,20,114,-16.104099,23.301807
Sinazongwe,2015,June,2015-06-01,436.0,51.0,471.0,165.0,179.0,155.0,1,,2.0,642.0,525.0,685.0,604.0,,,100.0,100.0,100.0,100.0,100.0,126876,23229,4951,3358,29867,1,31,180,-17.2609464,27.4605687
Senanga,2015,July,2015-07-01,106.0,54.0,35.0,29.0,102.0,76.0,1,,,46.0,68.0,85.0,70.0,,,100.0,100.0,100.0,100.0,100.0,78009,18590,3871,2400,29499,1,20,114,-16.104099,23.301807
Sinazongwe,2015,July,2015-07-01,561.0,56.0,616.0,234.0,245.0,188.0,4,1.0,1.0,460.0,442.0,568.0,496.0,,,100.0,100.0,100.0,100.0,100.0,126876,23229,4951,3358,29867,1,31,180,-17.2609464,27.4605687
Senanga,2015,August,2015-08-01,95.0,59.0,27.0,35.0,70.0,51.0,1,,,145.0,112.0,135.0,126.0,,,100.0,100.0,100.0,100.0,100.0,78009,18590,3871,2400,29499,1,20,114,-16.104099,23.301807
Sinazongwe,2015,August,2015-08-01,407.0,40.0,490.0,243.0,256.0,176.0,2,,1.0,502.0,492.0,499.0,521.0,,,100.0,100.0,100.0,100.0,100.0,126876,23229,4951,3358,29867,1,31,180,-17.2609464,27.4605687
Senanga,2015,September,2015-09-01,129.0,44.0,23.0,34.0,91.0,73.0,4,,,118.0,6.0,5.0,132.0,,,100.0,100.0,100.0,100.0,100.0,78009,18590,3871,2400,29499,1,20,114,-16.104099,23.301807
Sinazongwe,2015,September,2015-09-01,778.0,63.0,645.0,280.0,327.0,283.0,4,,2.0,618.0,679.0,627.0,675.0,,,100.0,100.0,100.0,100.0,100.0,126876,23229,4951,3358,29867,1,31,180,-17.2609464,27.4605687
Senanga,2015,October,2015-10-01,121.0,41.0,24.0,33.0,73.0,59.0,1,,,120.0,144.0,66.0,80.0,,,100.0,100.0,100.0,100.0,100.0,78009,18590,3871,2400,29499,1,20,114,-16.104099,23.301807
Sinazongwe,2015,October,2015-10-01,582.0,33.0,493.0,287.0,293.0,133.0,3,,3.0,563.0,559.0,528.0,658.0,,,100.0,100.0,100.0,100.0,100.0,126876,23229,4951,3358,29867,1,31,180,-17.2609464,27.4605687
Senanga,2015,November,2015-11-01,218.0,48.0,46.0,46.0,96.0,78.0,0,,1.0,196.0,145.0,108.0,127.0,,,100.0,100.0,100.0,100.0,100.0,78009,18590,3871,2400,29499,1,20,114,-16.104099,23.301807
Sinazongwe,2015,November,2015-11-01,593.0,48.0,641.0,180.0,252.0,218.0,1,,,491.0,573.0,518.0,609.0,,,100.0,100.0,100.0,100.0,100.0,126876,23229,4951,3358,29867,1,31,180,-17.2609464,27.4605687
Senanga,2015,December,2015-12-01,183.0,58.0,31.0,59.0,100.0,81.0,1,,1.0,108.0,134.0,130.0,153.0,,,100.0,100.0,100.0,100.0,100.0,78009,18590,3871,2400,29499,1,20,114,-16.104099,23.301807
Sinazongwe,2015,December,2015-12-01,579.0,52.0,355.0,212.0,245.0,181.0,2,,1.0,677.0,573.0,600.0,517.0,,,100.0,100.0,100.0,100.0,100.0,126876,23229,4951,3358,29867,1,31,180,-17.2609464,27.4605687
Senanga,2016,January,2016-01-01,184.0,78.0,36.0,70.0,74.0,77.0,5,,,209.0,207.0,205.0,228.0,14479.0,254.0,100.0,100.0,100.0,100.0,100.0,79340,18850,3932,2307,30003,1,20,114,-16.104099,23.301807
Sinazongwe,2016,January,2016-01-01,740.0,49.0,241.0,724.0,720.0,417.0,7,,1.0,964.0,678.0,709.0,546.0,15093.0,698.0,100.0,100.0,100.0,100.0,100.0,131796,23921,5090,2829,31023,1,31,180,-17.2609464,27.4605687
Senanga,2016,February,2016-02-01,198.0,56.0,41.0,104.0,119.0,121.0,2,,3.0,144.0,189.0,231.0,206.0,21465.0,300.0,100.0,100.0,100.0,100.0,100.0,79340,18850,3932,2307,30003,1,20,114,-16.104099,23.301807
Sinazongwe,2016,February,2016-02-01,767.0,45.0,377.0,460.0,749.0,351.0,13,,2.0,665.0,594.0,612.0,599.0,14661.0,719.0,100.0,100.0,100.0,100.0,100.0,131796,23921,5090,2829,31023,1,31,180,-17.2609464,27.4605687
Senanga,2016,March,2016-03-01,171.0,48.0,74.0,163.0,172.0,176.0,1,,3.0,172.0,178.0,167.0,206.0,11149.0,373.0,100.0,100.0,100.0,100.0,100.0,79340,18850,3932,2307,30003,1,20,114,-16.104099,23.301807
Sinazongwe,2016,March,2016-03-01,734.0,49.0,310.0,737.0,840.0,448.0,13,,,692.0,615.0,669.0,690.0,7620.0,569.0,100.0,100.0,100.0,100.0,100.0,131796,23921,5090,2829,31023,1,31,180,-17.2609464,27.4605687
Senanga,2016,April,2016-04-01,209.0,82.0,112.0,136.0,145.0,148.0,2,,,112.0,142.0,121.0,161.0,11912.0,277.0,100.0,100.0,100.0,100.0,100.0,79340,18850,3932,2307,30003,1,20,114,-16.104099,23.301807
Sinazongwe,2016,April,2016-04-01,715.0,60.0,309.0,681.0,706.0,415.0,11,,2.0,653.0,662.0,623.0,662.0,7062.0,60.0,100.0,100.0,100.0,100.0,100.0,131796,23921,5090,2829,31023,1,31,180,-17.2609464,27.4605687
Senanga,2016,May,2016-05-01,211.0,70.0,51.0,93.0,101.0,102.0,3,,1.0,204.0,194.0,237.0,211.0,23327.0,70.0,100.0,100.0,100.0,100.0,100.0,79340,18850,3932,2307,30003,1,20,114,-16.104099,23.301807
Sinazongwe,2016,May,2016-05-01,655.0,55.0,200.0,653.0,663.0,367.0,11,,,726.0,652.0,643.0,599.0,9117.0,282.0,100.0,100.0,100.0,100.0,100.0,131796,23921,5090,2829,31023,1,31,180,-17.2609464,27.4605687
Senanga,2016,June,2016-06-01,215.0,62.0,117.0,97.0,106.0,120.0,0,,1.0,216.0,212.0,206.0,359.0,8260.0,332.0,100.0,100.0,100.0,100.0,100.0,79340,18850,3932,2307,30003,1,20,114,-16.104099,23.301807
Sinazongwe,2016,June,2016-06-01,746.0,51.0,226.0,661.0,664.0,375.0,14,,,753.0,683.0,682.0,705.0,6970.0,52.0,100.0,100.0,100.0,100.0,100.0,131796,23921,5090,2829,31023,1,31,180,-17.2609464,27.4605687
Senanga,2016,July,2016-07-01,220.0,44.0,62.0,121.0,124.0,117.0,0,,1.0,183.0,188.0,159.0,336.0,9604.0,12.0,100.0,100.0,100.0,100.0,100.0,79340,18850,3932,2307,30003,1,20,114,-16.104099,23.301807
Sinazongwe,2016,July,2016-07-01,728.0,57.0,289.0,706.0,754.0,413.0,12,1.0,2.0,726.0,678.0,689.0,677.0,6903.0,54.0,100.0,100.0,100.0,100.0,100.0,131796,23921,5090,2829,31023,1,31,180,-17.2609464,27.4605687
Senanga,2016,August,2016-08-01,197.0,56.0,38.0,144.0,148.0,155.0,4,,,185.0,159.0,157.0,209.0,9376.0,337.0,100.0,100.0,100.0,100.0,100.0,79340,18850,3932,2307,30003,1,20,114,-16.104099,23.301807
Sinazongwe,2016,August,2016-08-01,659.0,37.0,276.0,712.0,701.0,370.0,7,,,636.0,562.0,568.0,550.0,9772.0,528.0,100.0,100.0,100.0,100.0,100.0,131796,23921,5090,2829,31023,1,31,180,-17.2609464,27.4605687
Senanga,2016,September,2016-09-01,247.0,70.0,24.0,93.0,84.0,81.0,1,,,113.0,213.0,243.0,255.0,12471.0,363.0,100.0,100.0,100.0,100.0,100.0,79340,18850,3932,2307,30003,1,20,114,-16.104099,23.301807
Sinazongwe,2016,September,2016-09-01,762.0,28.0,221.0,717.0,694.0,367.0,7,,4.0,699.0,668.0,627.0,690.0,7275.0,1210.0,100.0,100.0,100.0,100.0,100.0,131796,23921,5090,2829,31023,1,31,180,-17.2609464,27.4605687
Senanga,2016,October,2016-10-01,224.0,81.0,59.0,122.0,123.0,115.0,4,,1.0,191.0,182.0,143.0,188.0,9753.0,396.0,100.0,100.0,100.0,100.0,100.0,79340,18850,3932,2307,30003,1,20,114,-16.104099,23.301807
Sinazongwe,2016,October,2016-10-01,675.0,56.0,290.0,452.0,694.0,408.0,7,,1.0,689.0,699.0,622.0,643.0,7185.0,492.0,100.0,100.0,100.0,100.0,100.0,131796,23921,5090,2829,31023,1,31,180,-17.2609464,27.4605687
Senanga,2016,November,2016-11-01,151.0,87.0,53.0,122.0,124.0,114.0,1,,1.0,207.0,244.0,201.0,180.0,7498.0,350.0,100.0,100.0,100.0,100.0,100.0,79340,18850,3932,2307,30003,1,20,114,-16.104099,23.301807
Sinazongwe,2016,November,2016-11-01,651.0,114.0,315.0,713.0,682.0,374.0,17,,,733.0,707.0,633.0,714.0,9911.0,593.0,100.0,100.0,100.0,100.0,100.0,131796,23921,5090,2829,31023,1,31,180,-17.2609464,27.4605687
Senanga,2016,December,2016-12-01,285.0,55.0,79.0,113.0,124.0,121.0,2,,1.0,132.0,241.0,232.0,290.0,15940.0,33.0,100.0,100.0,100.0,100.0,100.0,79340,18850,3932,2307,30003,1,20,114,-16.104099,23.301807
Sinazongwe,2016,December,2016-12-01,631.0,28.0,725.0,679.0,691.0,388.0,10,2.0,1.0,738.0,728.0,660.0,646.0,3742.0,38.0,100.0,100.0,100.0,100.0,100.0,131796,23921,5090,2829,31023,1,31,180,-17.2609464,27.4605687
Senanga,2017,January,2017-01-01,,102.0,449.0,,,837.0,23,3.0,14.0,,,,,22068.0,323.0,100.0,100.0,100.0,100.0,100.0,80535,19080,3992,2320,30453,1,20,114,-16.104099,23.301807
Sinazongwe,2017,January,2017-01-01,480.0,70.0,245.0,241.0,255.0,223.0,1,,5.0,551.0,527.0,510.0,428.0,13420.0,603.0,100.0,100.0,100.0,100.0,100.0,135405,24577,5229,4325,31874,1,31,180,-17.2609464,27.4605687
Senanga,2017,February,2017-02-01,,119.0,544.0,,,1088.0,24,7.0,26.0,,,,,22212.0,391.0,100.0,100.0,100.0,100.0,100.0,80535,19080,3992,2320,30453,1,20,114,-16.104099,23.301807
Sinazongwe,2017,February,2017-02-01,454.0,93.0,220.0,291.0,337.0,242.0,4,,5.0,462.0,460.0,410.0,410.0,18887.0,617.0,100.0,100.0,100.0,100.0,100.0,135405,24577,5229,4325,31874,1,31,180,-17.2609464,27.4605687
Senanga,2017,March,2017-03-01,,90.0,544.0,,,700.0,30,2.0,22.0,,,,,11360.0,420.0,100.0,100.0,100.0,100.0,100.0,80535,19080,3992,2320,30453,1,20,114,-16.104099,23.301807
Sinazongwe,2017,March,2017-03-01,471.0,124.0,357.0,289.0,301.0,313.0,4,1.0,2.0,347.0,410.0,370.0,384.0,12573.0,633.0,100.0,100.0,100.0,100.0,100.0,135405,24577,5229,4325,31874,1,31,180,-17.2609464,27.4605687
Senanga,2017,April,2017-04-01,,105.0,595.0,,,702.0,25,3.0,36.0,,,,,12024.0,340.0,100.0,100.0,100.0,100.0,100.0,80535,19080,3992,2320,30453,1,20,114,-16.104099,23.301807
Sinazongwe,2017,April,2017-04-01,447.0,103.0,339.0,303.0,318.0,202.0,0,,,532.0,481.0,395.0,470.0,14010.0,579.0,100.0,100.0,100.0,100.0,100.0,135405,24577,5229,4325,31874,1,31,180,-17.2609464,27.4605687
Senanga,2017,May,2017-05-01,,92.0,473.0,,,780.0,31,3.0,16.0,,,,,19661.0,367.0,100.0,100.0,100.0,100.0,100.0,80535,19080,3992,2320,30453,1,20,114,-16.104099,23.301807
Sinazongwe,2017,May,2017-05-01,460.0,65.0,230.0,293.0,294.0,243.0,2,,1.0,521.0,494.0,438.0,498.0,11316.0,591.0,100.0,100.0,100.0,100.0,100.0,135405,24577,5229,4325,31874,1,31,180,-17.2609464,27.4605687
Senanga,2017,June,2017-06-01,,69.0,663.0,,,737.0,56,2.0,21.0,,,,,16317.0,579.0,100.0,100.0,100.0,100.0,100.0,80535,19080,3992,2320,30453,1,20,114,-16.104099,23.301807
Sinazongwe,2017,June,2017-06-01,434.0,100.0,320.0,293.0,295.0,259.0,2,,7.0,380.0,318.0,290.0,467.0,10834.0,569.0,100.0,100.0,100.0,100.0,100.0,135405,24577,5229,4325,31874,1,31,180,-17.2609464,27.4605687
Senanga,2017,July,2017-07-01,,60.0,544.0,,,682.0,24,5.0,35.0,,,,,12337.0,353.0,100.0,100.0,100.0,100.0,100.0,80535,19080,3992,2320,30453,1,20,114,-16.104099,23.301807
Sinazongwe,2017,July,2017-07-01,540.0,104.0,367.0,264.0,274.0,229.0,6,,1.0,454.0,483.0,401.0,429.0,10345.0,574.0,100.0,100.0,100.0,100.0,100.0,135405,24577,5229,4325,31874,1,31,180,-17.2609464,27.4605687
Senanga,2017,August,2017-08-01,,75.0,544.0,,,709.0,25,3.0,38.0,,,,,17881.0,309.0,100.0,100.0,100.0,100.0,100.0,80535,19080,3992,2320,30453,1,20,114,-16.104099,23.301807
Sinazongwe,2017,August,2017-08-01,554.0,125.0,269.0,284.0,300.0,199.0,4,,2.0,574.0,626.0,561.0,473.0,11994.0,754.0,100.0,100.0,100.0,100.0,100.0,135405,24577,5229,4325,31874,1,31,180,-17.2609464,27.4605687
Senanga,2017,September,2017-09-01,,100.0,480.0,,,894.0,25,3.0,14.0,,,,,19814.0,340.0,100.0,100.0,100.0,100.0,100.0,80535,19080,3992,2320,30453,1,20,114,-16.104099,23.301807
Sinazongwe,2017,September,2017-09-01,381.0,56.0,224.0,240.0,254.0,237.0,1,2.0,,468.0,432.0,396.0,381.0,14368.0,543.0,100.0,100.0,100.0,100.0,100.0,135405,24577,5229,4325,31874,1,31,180,-17.2609464,27.4605687
Senanga,2017,October,2017-10-01,,89.0,544.0,,,778.0,21,6.0,29.0,,,,,11674.0,173.0,100.0,100.0,100.0,100.0,100.0,80535,19080,3992,2320,30453,1,20,114,-16.104099,23.301807
Sinazongwe,2017,October,2017-10-01,451.0,96.0,260.0,319.0,331.0,258.0,7,1.0,3.0,475.0,338.0,238.0,290.0,11329.0,720.0,100.0,100.0,100.0,100.0,100.0,135405,24577,5229,4325,31874,1,31,180,-17.2609464,27.4605687
Senanga,2017,November,2017-11-01,,99.0,544.0,,,845.0,30,3.0,34.0,,,,,12434.0,327.0,100.0,100.0,100.0,100.0,100.0,80535,19080,3992,2320,30453,1,20,114,-16.104099,23.301807
Sinazongwe,2017,November,2017-11-01,578.0,134.0,237.0,266.0,279.0,244.0,4,1.0,,521.0,446.0,443.0,385.0,9412.0,1136.0,100.0,100.0,100.0,100.0,100.0,135405,24577,5229,4325,31874,1,31,180,-17.2609464,27.4605687
Senanga,2017,December,2017-12-01,,113.0,594.0,,,758.0,25,1.0,22.0,,,,,18999.0,158.0,100.0,100.0,100.0,100.0,100.0,80535,19080,3992,2320,30453,1,20,114,-16.104099,23.301807
Sinazongwe,2017,December,2017-12-01,459.0,103.0,252.0,281.0,292.0,209.0,2,,,385.0,373.0,267.0,398.0,12608.0,547.0,100.0,100.0,100.0,100.0,100.0,135405,24577,5229,4325,31874,1,31,180,-17.2609464,27.4605687
Senanga,2018,January,2018-01-01,241.0,89.0,98.0,139.0,163.0,100.0,3,,1.0,164.0,199.0,127.0,80.0,23127.0,461.0,100.0,100.0,100.0,100.0,100.0,82000,19307,4055,3109,31009,1,20,114,-16.104099,23.301807
Sinazongwe,2018,January,2018-01-01,866.0,60.0,216.0,637.0,647.0,240.0,16,,13.0,1051.0,1105.0,840.0,728.0,29379.0,626.0,100.0,100.0,100.0,100.0,100.0,139511,25261,5369,4055,32842,1,31,180,-17.2609464,27.4605687
Senanga,2018,February,2018-02-01,269.0,90.0,107.0,162.0,177.0,94.0,0,,1.0,43.0,96.0,74.0,109.0,25238.0,559.0,100.0,100.0,100.0,100.0,100.0,82000,19307,4055,3109,31009,1,20,114,-16.104099,23.301807
Sinazongwe,2018,February,2018-02-01,965.0,77.0,200.0,653.0,671.0,412.0,20,,9.0,874.0,706.0,776.0,615.0,19862.0,717.0,100.0,100.0,100.0,100.0,100.0,139511,25261,5369,4055,32842,1,31,180,-17.2609464,27.4605687
Senanga,2018,March,2018-03-01,343.0,94.0,187.0,203.0,298.0,124.0,6,,2.0,200.0,368.0,192.0,300.0,11695.0,357.0,100.0,100.0,100.0,100.0,100.0,82000,19307,4055,3109,31009,1,20,114,-16.104099,23.301807
Sinazongwe,2018,March,2018-03-01,570.0,64.0,197.0,898.0,591.0,309.0,10,,22.0,628.0,558.0,479.0,368.0,14872.0,236.0,100.0,100.0,100.0,100.0,100.0,139511,25261,5369,4055,32842,1,31,180,-17.2609464,27.4605687
Senanga,2018,April,2018-04-01,318.0,91.0,125.0,197.0,232.0,104.0,4,,4.0,65.0,103.0,76.0,39.0,13475.0,419.0,100.0,100.0,100.0,100.0,100.0,82000,19307,4055,3109,31009,1,20,114,-16.104099,23.301807
Sinazongwe,2018,April,2018-04-01,825.0,87.0,182.0,565.0,593.0,215.0,4,,22.0,585.0,782.0,599.0,683.0,9055.0,625.0,100.0,100.0,100.0,100.0,100.0,139511,25261,5369,4055,32842,1,31,180,-17.2609464,27.4605687
Senanga,2018,May,2018-05-01,191.0,123.0,98.0,226.0,236.0,56.0,2,,3.0,70.0,81.0,69.0,122.0,28371.0,611.0,100.0,100.0,100.0,100.0,100.0,82000,19307,4055,3109,31009,1,20,114,-16.104099,23.301807
Sinazongwe,2018,May,2018-05-01,803.0,88.0,207.0,290.0,318.0,355.0,3,,,835.0,751.0,769.0,691.0,22118.0,872.0,100.0,100.0,100.0,100.0,100.0,139511,25261,5369,4055,32842,1,31,180,-17.2609464,27.4605687
Senanga,2018,June,2018-06-01,412.0,103.0,93.0,185.0,208.0,85.0,6,,3.0,494.0,732.0,310.0,508.0,13096.0,374.0,100.0,100.0,100.0,100.0,100.0,82000,19307,4055,3109,31009,1,20,114,-16.104099,23.301807
Sinazongwe,2018,June,2018-06-01,756.0,74.0,209.0,252.0,587.0,354.0,11,,11.0,1104.0,939.0,746.0,773.0,15635.0,77.0,100.0,100.0,100.0,100.0,100.0,139511,25261,5369,4055,32842,1,31,180,-17.2609464,27.4605687
Senanga,2018,July,2018-07-01,355.0,116.0,176.0,198.0,228.0,98.0,4,1.0,,91.0,181.0,127.0,124.0,11996.0,362.0,100.0,100.0,100.0,100.0,100.0,82000,19307,4055,3109,31009,1,20,114,-16.104099,23.301807
Sinazongwe,2018,July,2018-07-01,739.0,76.0,172.0,241.0,267.0,337.0,4,,,752.0,805.0,698.0,585.0,10248.0,235.0,100.0,100.0,100.0,100.0,100.0,139511,25261,5369,4055,32842,1,31,180,-17.2609464,27.4605687
Senanga,2018,August,2018-08-01,378.0,118.0,184.0,231.0,259.0,128.0,5,,,298.0,398.0,359.0,252.0,11698.0,0.0,100.0,100.0,100.0,100.0,100.0,82000,19307,4055,3109,31009,1,20,114,-16.104099,23.301807
Sinazongwe,2018,August,2018-08-01,792.0,51.0,338.0,201.0,232.0,231.0,1,,,806.0,1024.0,689.0,771.0,6888.0,0.0,100.0,100.0,100.0,100.0,100.0,139511,25261,5369,4055,32842,1,31,180,-17.2609464,27.4605687
Senanga,2018,September,2018-09-01,254.0,88.0,84.0,128.0,166.0,119.0,5,,1.0,74.0,179.0,106.0,73.0,29921.0,367.0,100.0,100.0,100.0,100.0,100.0,82000,19307,4055,3109,31009,1,20,114,-16.104099,23.301807
Sinazongwe,2018,September,2018-09-01,769.0,90.0,77.0,630.0,635.0,404.0,16,,11.0,840.0,585.0,472.0,503.0,22025.0,794.0,100.0,100.0,100.0,100.0,100.0,139511,25261,5369,4055,32842,1,31,180,-17.2609464,27.4605687
Senanga,2018,October,2018-10-01,292.0,137.0,117.0,234.0,270.0,96.0,5,,2.0,304.0,370.0,210.0,301.0,12044.0,101.0,100.0,100.0,100.0,100.0,100.0,82000,19307,4055,3109,31009,1,20,114,-16.104099,23.301807
Sinazongwe,2018,October,2018-10-01,906.0,137.0,181.0,586.0,618.0,272.0,4,,,924.0,827.0,598.0,560.0,11945.0,156.0,100.0,100.0,100.0,100.0,100.0,139511,25261,5369,4055,32842,1,31,180,-17.2609464,27.4605687
Senanga,2018,November,2018-11-01,381.0,116.0,126.0,215.0,288.0,159.0,0,,2.0,144.0,408.0,152.0,479.0,10447.0,0.0,100.0,100.0,100.0,100.0,100.0,82000,19307,4055,3109,31009,1,20,114,-16.104099,23.301807
Sinazongwe,2018,November,2018-11-01,950.0,77.0,197.0,202.0,212.0,297.0,4,,,717.0,724.0,510.0,585.0,10796.0,0.0,100.0,100.0,100.0,100.0,100.0,139511,25261,5369,4055,32842,1,31,180,-17.2609464,27.4605687
Senanga,2018,December,2018-12-01,180.0,145.0,143.0,203.0,217.0,69.0,7,,2.0,295.0,341.0,177.0,168.0,16204.0,315.0,100.0,100.0,100.0,100.0,100.0,82000,19307,4055,3109,31009,1,20,114,-16.104099,23.301807
Sinazongwe,2018,December,2018-12-01,858.0,80.0,159.0,572.0,597.0,197.0,19,,5.0,800.0,707.0,666.0,599.0,18913.0,169.0,100.0,100.0,100.0,100.0,100.0,139511,25261,5369,4055,32842,1,31,180,-17.2609464,27.4605687
Senanga,2019,January,2019-01-01,435.0,261.0,169.0,262.0,277.0,167.0,4,,1.0,339.0,291.0,286.0,271.0,15202.0,374.0,100.0,100.0,100.0,100.0,100.0,83370,19546,4114,4218,31527,1,20,114,-16.104099,23.301807
Sinazongwe,2019,January,2019-01-01,476.0,110.0,592.0,330.0,346.0,229.0,3,1.0,3.0,556.0,592.0,451.0,507.0,21259.0,447.0,100.0,100.0,100.0,100.0,100.0,143472,25969,5515,5704,33775,1,31,180,-17.2609464,27.4605687
Senanga,2019,February,2019-02-01,470.0,308.0,146.0,336.0,348.0,190.0,7,,3.0,296.0,266.0,311.0,237.0,13160.0,374.0,100.0,100.0,100.0,100.0,100.0,83370,19546,4114,4218,31527,1,20,114,-16.104099,23.301807
Sinazongwe,2019,February,2019-02-01,564.0,175.0,550.0,385.0,403.0,296.0,4,1.0,,526.0,515.0,507.0,511.0,22398.0,538.0,100.0,100.0,100.0,100.0,100.0,143472,25969,5515,5704,33775,1,31,180,-17.2609464,27.4605687
Senanga,2019,March,2019-03-01,378.0,130.0,261.0,210.0,303.0,149.0,3,,3.0,304.0,260.0,234.0,220.0,12019.0,400.0,100.0,100.0,100.0,100.0,100.0,83370,19546,4114,4218,31527,1,20,114,-16.104099,23.301807
Sinazongwe,2019,March,2019-03-01,486.0,129.0,414.0,352.0,400.0,221.0,3,1.0,4.0,388.0,377.0,388.0,358.0,16794.0,735.0,86.7,86.7,86.7,86.7,86.7,143472,25969,5515,5704,33775,1,31,180,-17.2609464,27.4605687
Senanga,2019,April,2019-04-01,329.0,169.0,284.0,271.0,311.0,220.0,3,,2.0,246.0,284.0,232.0,281.0,10171.0,374.0,100.0,100.0,100.0,100.0,100.0,83370,19546,4114,4218,31527,1,20,114,-16.104099,23.301807
Sinazongwe,2019,April,2019-04-01,491.0,149.0,509.0,316.0,343.0,257.0,3,3.0,,415.0,364.0,428.0,319.0,17789.0,681.0,90.0,90.0,90.0,90.0,90.0,143472,25969,5515,5704,33775,1,31,180,-17.2609464,27.4605687
Senanga,2019,May,2019-05-01,492.0,308.0,177.0,316.0,335.0,243.0,5,,,196.0,201.0,200.0,350.0,9467.0,111.0,100.0,100.0,100.0,100.0,100.0,83370,19546,4114,4218,31527,1,20,114,-16.104099,23.301807
Sinazongwe,2019,May,2019-05-01,490.0,132.0,572.0,391.0,459.0,310.0,5,1.0,2.0,653.0,533.0,505.0,462.0,13759.0,669.0,93.3,93.3,93.3,93.3,93.3,143472,25969,5515,5704,33775,1,31,180,-17.2609464,27.4605687
Senanga,2019,June,2019-06-01,474.0,339.0,201.0,336.0,367.0,266.0,8,,,204.0,284.0,309.0,370.0,10857.0,122.0,100.0,100.0,100.0,100.0,100.0,83370,19546,4114,4218,31527,1,20,114,-16.104099,23.301807
Sinazongwe,2019,June,2019-06-01,405.0,95.0,479.0,318.0,337.0,246.0,5,2.0,1.0,493.0,514.0,488.0,446.0,13840.0,656.0,93.3,93.3,93.3,93.3,93.3,143472,25969,5515,5704,33775,1,31,180,-17.2609464,27.4605687
Senanga,2019,July,2019-07-01,570.0,353.0,225.0,245.0,276.0,176.0,3,,4.0,261.0,236.0,253.0,222.0,9717.0,478.0,100.0,100.0,100.0,100.0,100.0,83370,19546,4114,4218,31527,1,20,114,-16.104099,23.301807
Sinazongwe,2019,July,2019-07-01,444.0,129.0,475.0,333.0,356.0,271.0,3,1.0,2.0,372.0,469.0,416.0,353.0,20366.0,615.0,93.3,93.3,93.3,93.3,93.3,143472,25969,5515,5704,33775,1,31,180,-17.2609464,27.4605687
Senanga,2019,August,2019-08-01,322.0,142.0,191.0,132.0,211.0,161.0,3,,4.0,236.0,287.0,240.0,227.0,13044.0,286.0,100.0,100.0,100.0,100.0,100.0,83370,19546,4114,4218,31527,1,20,114,-16.104099,23.301807
Sinazongwe,2019,August,2019-08-01,579.0,139.0,475.0,333.0,345.0,186.0,1,1.0,5.0,462.0,484.0,429.0,450.0,11134.0,700.0,93.3,93.3,93.3,93.3,93.3,143472,25969,5515,5704,33775,1,31,180,-17.2609464,27.4605687
Senanga,2019,September,2019-09-01,442.0,254.0,164.0,271.0,277.0,122.0,11,2.0,3.0,235.0,263.0,244.0,199.0,14895.0,374.0,100.0,100.0,100.0,100.0,100.0,83370,19546,4114,4218,31527,1,20,114,-16.104099,23.301807
Sinazongwe,2019,September,2019-09-01,542.0,108.0,605.0,370.0,397.0,251.0,6,1.0,4.0,453.0,391.0,355.0,468.0,16010.0,504.0,100.0,100.0,100.0,100.0,100.0,143472,25969,5515,5704,33775,1,31,180,-17.2609464,27.4605687
Senanga,2019,October,2019-10-01,311.0,161.0,267.0,196.0,261.0,155.0,3,,5.0,211.0,275.0,231.0,502.0,9234.0,501.0,100.0,100.0,100.0,100.0,100.0,83370,19546,4114,4218,31527,1,20,114,-16.104099,23.301807
Sinazongwe,2019,October,2019-10-01,555.0,190.0,412.0,334.0,370.0,216.0,5,1.0,5.0,411.0,384.0,347.0,336.0,13620.0,705.0,93.3,93.3,93.3,93.3,93.3,143472,25969,5515,5704,33775,1,31,180,-17.2609464,27.4605687
Senanga,2019,November,2019-11-01,293.0,136.0,216.0,174.0,240.0,180.0,7,1.0,,234.0,261.0,217.0,200.0,8635.0,315.0,100.0,100.0,100.0,100.0,100.0,83370,19546,4114,4218,31527,1,20,114,-16.104099,23.301807
Sinazongwe,2019,November,2019-11-01,631.0,163.0,440.0,298.0,327.0,192.0,2,1.0,7.0,440.0,538.0,409.0,419.0,12160.0,650.0,93.3,93.3,93.3,93.3,93.3,143472,25969,5515,5704,33775,1,31,180,-17.2609464,27.4605687
Senanga,2019,December,2019-12-01,569.0,411.0,241.0,338.0,343.0,259.0,2,1.0,1.0,146.0,274.0,259.0,361.0,11814.0,512.0,100.0,100.0,100.0,100.0,100.0,83370,19546,4114,4218,31527,1,20,114,-16.104099,23.301807
Sinazongwe,2019,December,2019-12-01,459.0,133.0,499.0,352.0,393.0,214.0,4,1.0,1.0,572.0,519.0,540.0,554.0,16006.0,780.0,93.3,93.3,93.3,93.3,93.3,143472,25969,5515,5704,33775,1,31,180,-17.2609464,27.4605687
Senanga,2020,January,2020-01-01,277.0,135.0,204.0,148.0,190.0,190.0,3,,1.0,229.0,250.0,278.0,212.0,21960.0,347.0,100.0,100.0,100.0,100.0,100.0,84772,19796,4176,4282,32057,1,20,114,-16.104099,23.301807
Sinazongwe,2020,January,2020-01-01,565.0,141.0,543.0,399.0,407.0,242.0,9,2.0,2.0,617.0,423.0,426.0,475.0,11472.0,216.0,93.3,93.3,93.3,93.3,93.3,147514,26702,5664,5856,34728,1,31,180,-17.2609464,27.4605687
Senanga,2020,February,2020-02-01,363.0,167.0,202.0,171.0,220.0,220.0,4,,1.0,290.0,311.0,228.0,239.0,30596.0,383.0,100.0,100.0,100.0,100.0,100.0,84772,19796,4176,4282,32057,1,20,114,-16.104099,23.301807
Sinazongwe,2020,February,2020-02-01,700.0,219.0,581.0,506.0,514.0,291.0,6,,3.0,602.0,523.0,414.0,469.0,14694.0,229.0,93.3,93.3,93.3,93.3,93.3,147514,26702,5664,5856,34728,1,31,180,-17.2609464,27.4605687
Senanga,2020,March,2020-03-01,358.0,126.0,206.0,179.0,236.0,236.0,3,,1.0,227.0,284.0,236.0,243.0,13040.0,321.0,100.0,100.0,100.0,100.0,100.0,84772,19796,4176,4282,32057,1,20,114,-16.104099,23.301807
Sinazongwe,2020,March,2020-03-01,681.0,227.0,631.0,460.0,486.0,289.0,9,,2.0,291.0,492.0,506.0,358.0,8636.0,651.0,93.3,93.3,93.3,93.3,93.3,147514,26702,5664,5856,34728,1,31,180,-17.2609464,27.4605687
Senanga,2020,April,2020-04-01,292.0,124.0,225.0,231.0,258.0,258.0,5,,4.0,246.0,248.0,225.0,240.0,8907.0,115.0,100.0,100.0,100.0,100.0,100.0,84772,19796,4176,4282,32057,1,20,114,-16.104099,23.301807
Sinazongwe,2020,April,2020-04-01,511.0,200.0,556.0,446.0,457.0,286.0,4,,1.0,165.0,452.0,511.0,398.0,6724.0,206.0,93.3,93.3,93.3,93.3,93.3,147514,26702,5664,5856,34728,1,31,180,-17.2609464,27.4605687
Senanga,2020,May,2020-05-01,330.0,151.0,295.0,178.0,203.0,203.0,1,1.0,1.0,296.0,239.0,213.0,225.0,26934.0,312.0,100.0,100.0,100.0,100.0,100.0,84772,19796,4176,4282,32057,1,20,114,-16.104099,23.301807
Sinazongwe,2020,May,2020-05-01,599.0,161.0,647.0,508.0,509.0,322.0,2,1.0,1.0,732.0,544.0,470.0,478.0,11206.0,133.0,93.3,93.3,93.3,93.3,93.3,147514,26702,5664,5856,34728,1,31,180,-17.2609464,27.4605687
Senanga,2020,June,2020-06-01,282.0,121.0,230.0,178.0,203.0,203.0,4,,1.0,304.0,362.0,363.0,357.0,14820.0,305.0,100.0,100.0,100.0,100.0,100.0,84772,19796,4176,4282,32057,1,20,114,-16.104099,23.301807
Sinazongwe,2020,June,2020-06-01,560.0,200.0,640.0,472.0,475.0,304.0,9,,7.0,547.0,625.0,574.0,596.0,6763.0,170.0,93.3,93.3,93.3,93.3,93.3,147514,26702,5664,5856,34728,1,31,180,-17.2609464,27.4605687
Senanga,2020,July,2020-07-01,276.0,103.0,255.0,196.0,230.0,230.0,6,,1.0,217.0,260.0,232.0,202.0,10271.0,512.0,100.0,100.0,100.0,100.0,100.0,84772,19796,4176,4282,32057,1,20,114,-16.104099,23.301807
Sinazongwe,2020,July,2020-07-01,502.0,171.0,625.0,520.0,527.0,265.0,3,,2.0,470.0,535.0,509.0,385.0,6827.0,234.0,93.3,93.3,93.3,93.3,93.3,147514,26702,5664,5856,34728,1,31,180,-17.2609464,27.4605687
Senanga,2020,August,2020-08-01,352.0,125.0,190.0,146.0,195.0,195.0,2,,2.0,236.0,219.0,197.0,183.0,19940.0,389.0,100.0,100.0,100.0,100.0,100.0,84772,19796,4176,4282,32057,1,20,114,-16.104099,23.301807
Sinazongwe,2020,August,2020-08-01,481.0,165.0,678.0,439.0,440.0,256.0,5,,4.0,500.0,417.0,415.0,291.0,10647.0,267.0,93.3,93.3,93.3,93.3,93.3,147514,26702,5664,5856,34728,1,31,180,-17.2609464,27.4605687
Senanga,2020,September,2020-09-01,353.0,168.0,215.0,183.0,219.0,219.0,4,,7.0,256.0,251.0,247.0,206.0,16046.0,361.0,100.0,100.0,100.0,100.0,100.0,84772,19796,4176,4282,32057,1,20,114,-16.104099,23.301807
Sinazongwe,2020,September,2020-09-01,611.0,139.0,570.0,361.0,374.0,209.0,8,1.0,5.0,553.0,400.0,379.0,502.0,12367.0,247.0,93.3,93.3,93.3,93.3,93.3,147514,26702,5664,5856,34728,1,31,180,-17.2609464,27.4605687
Senanga,2020,October,2020-10-01,336.0,128.0,133.0,123.0,178.0,178.0,1,,1.0,170.0,223.0,185.0,197.0,15221.0,365.0,100.0,100.0,100.0,100.0,100.0,84772,19796,4176,4282,32057,1,20,114,-16.104099,23.301807
Sinazongwe,2020,October,2020-10-01,534.0,170.0,548.0,427.0,440.0,262.0,1,,1.0,748.0,513.0,461.0,466.0,12589.0,614.0,93.3,93.3,93.3,93.3,93.3,147514,26702,5664,5856,34728,1,31,180,-17.2609464,27.4605687
Senanga,2020,November,2020-11-01,381.0,154.0,195.0,139.0,171.0,171.0,5,,1.0,395.0,468.0,374.0,225.0,12847.0,295.0,100.0,100.0,100.0,100.0,100.0,84772,19796,4176,4282,32057,1,20,114,-16.104099,23.301807
Sinazongwe,2020,November,2020-11-01,506.0,129.0,604.0,379.0,386.0,226.0,9,,6.0,596.0,631.0,656.0,445.0,9500.0,623.0,80.0,80.0,80.0,80.0,80.0,147514,26702,5664,5856,34728,1,31,180,-17.2609464,27.4605687
Senanga,2020,December,2020-12-01,295.0,126.0,292.0,186.0,214.0,214.0,3,,,200.0,307.0,249.0,254.0,18632.0,343.0,100.0,100.0,100.0,100.0,100.0,84772,19796,4176,4282,32057,1,20,114,-16.104099,23.301807
Sinazongwe,2020,December,2020-12-01,535.0,155.0,581.0,523.0,528.0,289.0,7,,2.0,562.0,550.0,485.0,401.0,9359.0,611.0,93.3,93.3,93.3,93.3,93.3,147514,26702,5664,5856,34728,1,31,180,-17.2609464,27.4605687
Senanga,2021,January,2021-01-01,324.0,126.0,273.0,151.0,189.0,189.0,5,,,266.0,301.0,302.0,231.0,21560.0,383.0,100.0,100.0,100.0,100.0,100.0,86044,20093,4237,4344,32538,1,20,114,-16.104099,23.301807
Sinazongwe,2021,January,2021-01-01,484.0,156.0,438.0,434.0,445.0,362.0,4,1.0,,713.0,543.0,421.0,498.0,13209.0,695.0,100.0,100.0,100.0,100.0,100.0,151498,27425,5818,6015,35665,1,31,180,-17.2609464,27.4605687
Senanga,2021,February,2021-02-01,374.0,174.0,325.0,164.0,195.0,195.0,4,,,299.0,257.0,212.0,203.0,23721.0,319.0,100.0,100.0,100.0,100.0,100.0,86044,20093,4237,4344,32538,1,20,114,-16.104099,23.301807
Sinazongwe,2021,February,2021-02-01,455.0,155.0,521.0,395.0,404.0,417.0,9,,,626.0,769.0,565.0,680.0,12218.0,640.0,100.0,100.0,100.0,100.0,100.0,151498,27425,5818,6015,35665,1,31,180,-17.2609464,27.4605687
Senanga,2021,March,2021-03-01,392.0,108.0,295.0,198.0,237.0,237.0,6,1.0,,231.0,213.0,200.0,227.0,10798.0,263.0,100.0,100.0,100.0,100.0,100.0,86044,20093,4237,4344,32538,1,20,114,-16.104099,23.301807
Sinazongwe,2021,March,2021-03-01,525.0,153.0,575.0,342.0,408.0,450.0,6,,,604.0,458.0,505.0,485.0,13187.0,661.0,100.0,100.0,100.0,100.0,100.0,151498,27425,5818,6015,35665,1,31,180,-17.2609464,27.4605687
Senanga,2021,April,2021-04-01,306.0,107.0,243.0,219.0,267.0,268.0,7,1.0,,245.0,137.0,113.0,194.0,8709.0,273.0,100.0,100.0,100.0,100.0,100.0,86044,20093,4237,4344,32538,1,20,114,-16.104099,23.301807
Sinazongwe,2021,April,2021-04-01,513.0,162.0,484.0,355.0,366.0,369.0,5,,,489.0,633.0,593.0,525.0,11141.0,460.0,100.0,100.0,100.0,100.0,100.0,151498,27425,5818,6015,35665,1,31,180,-17.2609464,27.4605687
Senanga,2021,May,2021-05-01,316.0,128.0,274.0,188.0,227.0,227.0,2,,,220.0,205.0,194.0,230.0,19321.0,340.0,100.0,100.0,100.0,100.0,100.0,86044,20093,4237,4344,32538,1,20,114,-16.104099,23.301807
Sinazongwe,2021,May,2021-05-01,444.0,116.0,504.0,347.0,362.0,350.0,5,1.0,,544.0,513.0,486.0,460.0,12162.0,595.0,100.0,100.0,100.0,100.0,100.0,151498,27425,5818,6015,35665,1,31,180,-17.2609464,27.4605687
Senanga,2021,June,2021-06-01,264.0,101.0,313.0,177.0,208.0,208.0,9,1.0,,562.0,525.0,393.0,448.0,14222.0,304.0,100.0,100.0,100.0,100.0,100.0,86044,20093,4237,4344,32538,1,20,114,-16.104099,23.301807
Sinazongwe,2021,June,2021-06-01,624.0,201.0,484.0,404.0,410.0,425.0,3,1.0,,525.0,640.0,591.0,612.0,11996.0,475.0,100.0,100.0,100.0,100.0,100.0,151498,27425,5818,6015,35665,1,31,180,-17.2609464,27.4605687
Senanga,2021,July,2021-07-01,235.0,91.0,269.0,210.0,233.0,234.0,4,,,220.0,209.0,185.0,162.0,8967.0,259.0,100.0,100.0,100.0,100.0,100.0,86044,20093,4237,4344,32538,1,20,114,-16.104099,23.301807
Sinazongwe,2021,July,2021-07-01,453.0,151.0,444.0,310.0,351.0,351.0,12,,,649.0,534.0,506.0,477.0,8877.0,142.0,96.7,96.7,96.7,96.7,96.7,151498,27425,5818,6015,35665,1,31,180,-17.2609464,27.4605687
Senanga,2021,August,2021-08-01,337.0,112.0,155.0,166.0,181.0,181.0,2,,,230.0,253.0,198.0,199.0,17871.0,310.0,100.0,100.0,100.0,100.0,100.0,86044,20093,4237,4344,32538,1,20,114,-16.104099,23.301807
Sinazongwe,2021,August,2021-08-01,469.0,142.0,623.0,363.0,364.0,366.0,10,1.0,,400.0,430.0,430.0,375.0,10213.0,88.0,80.0,80.0,80.0,80.0,80.0,151498,27425,5818,6015,35665,1,31,180,-17.2609464,27.4605687
Senanga,2021,September,2021-09-01,323.0,109.0,188.0,156.0,207.0,194.0,4,2.0,5.0,225.0,260.0,261.0,202.0,33948.0,361.0,100.0,100.0,100.0,100.0,100.0,86044,20093,4237,4344,32538,1,20,114,-16.104099,23.301807
Sinazongwe,2021,September,2021-09-01,568.0,162.0,673.0,435.0,446.0,290.0,3,,4.0,460.0,360.0,368.0,318.0,14027.0,742.0,100.0,100.0,100.0,100.0,100.0,151498,27425,5818,6015,35665,1,31,180,-17.2609464,27.4605687
Senanga,2021,October,2021-10-01,287.0,96.0,243.0,244.0,261.0,261.0,6,1.0,,240.0,139.0,105.0,190.0,8873.0,273.0,100.0,100.0,100.0,100.0,100.0,86044,20093,4237,4344,32538,1,20,114,-16.104099,23.301807
Sinazongwe,2021,October,2021-10-01,451.0,159.0,433.0,273.0,294.0,319.0,6,,,451.0,522.0,412.0,439.0,9299.0,643.0,100.0,100.0,100.0,100.0,100.0,151498,27425,5818,6015,35665,1,31,180,-17.2609464,27.4605687
Senanga,2021,November,2021-11-01,272.0,97.0,153.0,156.0,172.0,172.0,6,,,329.0,264.0,256.0,312.0,12338.0,304.0,100.0,100.0,100.0,100.0,100.0,86044,20093,4237,4344,32538,1,20,114,-16.104099,23.301807
Sinazongwe,2021,November,2021-11-01,400.0,118.0,415.0,332.0,337.0,326.0,5,1.0,,437.0,403.0,393.0,448.0,8370.0,499.0,100.0,100.0,100.0,100.0,100.0,151498,27425,5818,6015,35665,1,31,180,-17.2609464,27.4605687
Senanga,2021,December,2021-12-01,317.0,111.0,291.0,194.0,231.0,231.0,5,,,262.0,251.0,190.0,261.0,18405.0,282.0,100.0,100.0,100.0,100.0,100.0,86044,20093,4237,4344,32538,1,20,114,-16.104099,23.301807
Sinazongwe,2021,December,2021-12-01,397.0,138.0,485.0,423.0,430.0,405.0,11,,,634.0,572.0,516.0,488.0,11862.0,551.0,100.0,100.0,100.0,100.0,100.0,151498,27425,5818,6015,35665,1,31,180,-17.2609464,27.4605687
Senanga,2022,January,2022-01-01,339.0,168.0,245.0,149.0,163.0,163.0,7,,,220.0,229.0,224.0,353.0,19683.0,272.0,100.0,100.0,100.0,100.0,100.0,112043,26163,5518,5656,42369,1,20,114,-16.104099,23.301807
Sinazongwe,2022,January,2022-01-01,444.0,127.0,592.0,401.0,417.0,431.0,5,1.0,,458.0,455.0,403.0,456.0,14289.0,707.0,100.0,100.0,100.0,100.0,100.0,159056,28794,6109,6315,37443,1,31,180,-17.2609464,27.4605687
Senanga,2022,February,2022-02-01,369.0,126.0,203.0,150.0,183.0,183.0,3,,,298.0,265.0,159.0,217.0,18963.0,277.0,100.0,100.0,100.0,100.0,100.0,112043,26163,5518,5656,42369,1,20,114,-16.104099,23.301807
Sinazongwe,2022,February,2022-02-01,493.0,147.0,618.0,429.0,429.0,438.0,7,1.0,,336.0,507.0,373.0,422.0,16190.0,666.0,100.0,100.0,100.0,100.0,100.0,159056,28794,6109,6315,37443,1,31,180,-17.2609464,27.4605687
Senanga,2022,March,2022-03-01,223.0,97.0,161.0,155.0,220.0,220.0,5,,,211.0,260.0,195.0,225.0,9900.0,305.0,100.0,100.0,100.0,100.0,100.0,112043,26163,5518,5656,42369,1,20,114,-16.104099,23.301807
Sinazongwe,2022,March,2022-03-01,572.0,183.0,530.0,383.0,397.0,407.0,4,1.0,,376.0,422.0,426.0,401.0,13803.0,649.0,100.0,100.0,100.0,100.0,100.0,159056,28794,6109,6315,37443,1,31,180,-17.2609464,27.4605687
Senanga,2022,April,2022-04-01,308.0,105.0,245.0,184.0,246.0,246.0,3,,,262.0,269.0,194.0,174.0,12377.0,323.0,100.0,100.0,100.0,100.0,100.0,112043,26163,5518,5656,42369,1,20,114,-16.104099,23.301807
Sinazongwe,2022,April,2022-04-01,566.0,178.0,579.0,344.0,387.0,366.0,6,,,422.0,430.0,418.0,477.0,13824.0,708.0,96.7,96.7,96.7,96.7,96.7,159056,28794,6109,6315,37443,1,31,180,-17.2609464,27.4605687
Senanga,2022,May,2022-05-01,324.0,139.0,288.0,162.0,191.0,191.0,4,,,231.0,219.0,194.0,100.0,23662.0,147.0,100.0,100.0,100.0,100.0,100.0,112043,26163,5518,5656,42369,1,20,114,-16.104099,23.301807
Sinazongwe,2022,May,2022-05-01,380.0,104.0,386.0,345.0,361.0,352.0,4,,,293.0,336.0,427.0,286.0,10636.0,591.0,100.0,100.0,100.0,100.0,100.0,159056,28794,6109,6315,37443,1,31,180,-17.2609464,27.4605687
Senanga,2022,June,2022-06-01,269.0,106.0,264.0,204.0,237.0,237.0,6,,,507.0,455.0,386.0,585.0,11958.0,38.0,100.0,100.0,100.0,100.0,100.0,112043,26163,5518,5656,42369,1,20,114,-16.104099,23.301807
Sinazongwe,2022,June,2022-06-01,483.0,161.0,441.0,335.0,339.0,356.0,5,2.0,,458.0,519.0,408.0,452.0,13970.0,654.0,90.0,90.0,90.0,90.0,90.0,159056,28794,6109,6315,37443,1,31,180,-17.2609464,27.4605687
Senanga,2022,July,2022-07-01,268.0,105.0,241.0,176.0,230.0,230.0,3,1.0,,296.0,212.0,176.0,224.0,12655.0,287.0,100.0,100.0,100.0,100.0,100.0,112043,26163,5518,5656,42369,1,20,114,-16.104099,23.301807
Sinazongwe,2022,July,2022-07-01,489.0,180.0,733.0,353.0,372.0,346.0,4,,,497.0,497.0,538.0,485.0,14694.0,690.0,100.0,100.0,100.0,100.0,100.0,159056,28794,6109,6315,37443,1,31,180,-17.2609464,27.4605687
Senanga,2022,August,2022-08-01,311.0,150.0,243.0,195.0,210.0,210.0,7,,,226.0,170.0,100.0,198.0,19116.0,298.0,100.0,100.0,100.0,100.0,100.0,112043,26163,5518,5656,42369,1,20,114,-16.104099,23.301807
Sinazongwe,2022,August,2022-08-01,494.0,179.0,729.0,410.0,435.0,404.0,6,,,389.0,412.0,370.0,413.0,13860.0,643.0,100.0,100.0,100.0,100.0,100.0,159056,28794,6109,6315,37443,1,31,180,-17.2609464,27.4605687
Senanga,2022,September,2022-09-01,375.0,112.0,231.0,164.0,186.0,186.0,4,,,149.0,196.0,190.0,265.0,13589.0,297.0,100.0,100.0,100.0,100.0,100.0,112043,26163,5518,5656,42369,1,20,114,-16.104099,23.301807
Sinazongwe,2022,September,2022-09-01,432.0,111.0,528.0,393.0,393.0,396.0,9,,,448.0,396.0,386.0,340.0,13343.0,509.0,93.3,93.3,93.3,93.3,93.3,159056,28794,6109,6315,37443,1,31,180,-17.2609464,27.4605687
Senanga,2022,October,2022-10-01,324.0,103.0,213.0,188.0,223.0,223.0,2,,,263.0,217.0,236.0,171.0,10580.0,289.0,100.0,100.0,100.0,100.0,100.0,112043,26163,5518,5656,42369,1,20,114,-16.104099,23.301807
Sinazongwe,2022,October,2022-10-01,497.0,185.0,603.0,387.0,422.0,429.0,6,,,455.0,476.0,412.0,534.0,14422.0,686.0,100.0,100.0,100.0,100.0,100.0,159056,28794,6109,6315,37443,1,31,180,-17.2609464,27.4605687
Senanga,2022,November,2022-11-01,293.0,153.0,208.0,183.0,200.0,200.0,5,,,422.0,447.0,360.0,517.0,13134.0,317.0,100.0,100.0,100.0,100.0,100.0,112043,26163,5518,5656,42369,1,20,114,-16.104099,23.301807
Sinazongwe,2022,November,2022-11-01,590.0,171.0,579.0,342.0,379.0,393.0,3,,,405.0,631.0,595.0,637.0,12943.0,685.0,100.0,100.0,100.0,100.0,100.0,159056,28794,6109,6315,37443,1,31,180,-17.2609464,27.4605687
Senanga,2022,December,2022-12-01,291.0,142.0,218.0,214.0,258.0,258.0,5,,,209.0,176.0,155.0,66.0,23245.0,52.0,100.0,100.0,100.0,100.0,100.0,112043,26163,5518,5656,42369,1,20,114,-16.104099,23.301807
Sinazongwe,2022,December,2022-12-01,399.0,160.0,442.0,390.0,392.0,409.0,7,,,456.0,499.0,417.0,261.0,13261.0,576.0,86.7,86.7,86.7,86.7,86.7,159056,28794,6109,6315,37443,1,31,180,-17.2609464,27.4605687
Senanga,2023,January,2023-01-01,378.0,206.0,189.0,150.0,170.0,170.0,4,1.0,,245.0,57.0,53.0,311.0,24903.0,387.0,100.0,100.0,100.0,100.0,100.0,116408,27183,5730,5877,44021,1,20,114,-16.104099,23.301807
Sinazongwe,2023,January,2023-01-01,617.0,207.0,177.0,416.0,416.0,497.0,8,,,318.0,394.0,371.0,188.0,18031.0,138.0,100.0,100.0,100.0,100.0,100.0,165097,29887,6338,6556,38866,1,31,180,-17.2609464,27.4605687
Senanga,2023,February,2023-02-01,394.0,202.0,238.0,202.0,214.0,214.0,2,,,285.0,256.0,199.0,326.0,25988.0,349.0,100.0,100.0,100.0,100.0,100.0,116408,27183,5730,5877,44021,1,20,114,-16.104099,23.301807
Sinazongwe,2023,February,2023-02-01,648.0,202.0,313.0,415.0,415.0,394.0,8,,,503.0,643.0,488.0,646.0,19103.0,188.0,100.0,100.0,100.0,100.0,100.0,165097,29887,6338,6556,38866,1,31,180,-17.2609464,27.4605687
Senanga,2023,March,2023-03-01,262.0,118.0,183.0,268.0,270.0,270.0,6,1.0,,328.0,308.0,269.0,322.0,13922.0,339.0,100.0,100.0,100.0,100.0,100.0,116408,27183,5730,5877,44021,1,20,114,-16.104099,23.301807
Sinazongwe,2023,March,2023-03-01,522.0,187.0,352.0,473.0,473.0,458.0,5,1.0,,550.0,402.0,405.0,359.0,17759.0,660.0,100.0,100.0,100.0,100.0,100.0,165097,29887,6338,6556,38866,1,31,180,-17.2609464,27.4605687
Senanga,2023,April,2023-04-01,349.0,145.0,167.0,232.0,248.0,174.0,6,,,213.0,212.0,238.0,209.0,14570.0,288.0,100.0,100.0,100.0,100.0,100.0,116408,27183,5730,5877,44021,1,20,114,-16.104099,23.301807
Sinazongwe,2023,April,2023-04-01,570.0,202.0,364.0,453.0,454.0,444.0,7,1.0,,529.0,428.0,401.0,372.0,18895.0,598.0,100.0,100.0,100.0,100.0,100.0,165097,29887,6338,6556,38866,1,31,180,-17.2609464,27.4605687
Senanga,2023,May,2023-05-01,348.0,179.0,251.0,211.0,215.0,215.0,5,,,223.0,282.0,254.0,299.0,22325.0,325.0,100.0,100.0,100.0,100.0,100.0,116408,27183,5730,5877,44021,1,20,114,-16.104099,23.301807
Sinazongwe,2023,May,2023-05-01,515.0,129.0,315.0,443.0,451.0,440.0,5,3.0,,431.0,589.0,470.0,394.0,14492.0,618.0,100.0,100.0,100.0,100.0,100.0,165097,29887,6338,6556,38866,1,31,180,-17.2609464,27.4605687
Senanga,2023,June,2023-06-01,287.0,101.0,204.0,226.0,235.0,236.0,1,,,201.0,292.0,379.0,350.0,17036.0,311.0,100.0,100.0,100.0,100.0,100.0,116408,27183,5730,5877,44021,1,20,114,-16.104099,23.301807
Sinazongwe,2023,June,2023-06-01,583.0,185.0,350.0,390.0,398.0,399.0,11,,,411.0,528.0,502.0,436.0,12448.0,596.0,100.0,100.0,100.0,100.0,100.0,165097,29887,6338,6556,38866,1,31,180,-17.2609464,27.4605687
Senanga,2023,July,2023-07-01,283.0,119.0,170.0,234.0,240.0,242.0,3,,,120.0,193.0,223.0,209.0,13180.0,268.0,100.0,100.0,100.0,100.0,100.0,116408,27183,5730,5877,44021,1,20,114,-16.104099,23.301807
Sinazongwe,2023,July,2023-07-01,469.0,188.0,315.0,430.0,435.0,443.0,13,1.0,,434.0,457.0,539.0,388.0,14399.0,167.0,100.0,100.0,100.0,100.0,100.0,165097,29887,6338,6556,38866,1,31,180,-17.2609464,27.4605687
Senanga,2023,August,2023-08-01,279.0,114.0,197.0,189.0,195.0,181.0,5,,,247.0,230.0,265.0,192.0,15500.0,262.0,100.0,100.0,100.0,100.0,100.0,116408,27183,5730,5877,44021,1,20,114,-16.104099,23.301807
Sinazongwe,2023,August,2023-08-01,391.0,128.0,328.0,444.0,444.0,455.0,2,,,439.0,423.0,364.0,255.0,16233.0,595.0,100.0,100.0,100.0,100.0,100.0,165097,29887,6338,6556,38866,1,31,180,-17.2609464,27.4605687
Senanga,2023,September,2023-09-01,360.0,158.0,219.0,168.0,174.0,174.0,5,1.0,,303.0,109.0,140.0,358.0,25159.0,319.0,100.0,100.0,100.0,100.0,100.0,116408,27183,5730,5877,44021,1,20,114,-16.104099,23.301807
Sinazongwe,2023,September,2023-09-01,624.0,216.0,200.0,422.0,426.0,446.0,4,,,294.0,314.0,324.0,325.0,14894.0,633.0,100.0,100.0,100.0,100.0,100.0,165097,29887,6338,6556,38866,1,31,180,-17.2609464,27.4605687
Senanga,2023,October,2023-10-01,281.0,107.0,149.0,201.0,206.0,181.0,3,1.0,,333.0,336.0,264.0,256.0,13141.0,315.0,100.0,100.0,100.0,100.0,100.0,116408,27183,5730,5877,44021,1,20,114,-16.104099,23.301807
Sinazongwe,2023,October,2023-10-01,497.0,187.0,340.0,461.0,461.0,463.0,4,,,486.0,545.0,386.0,426.0,17634.0,547.0,100.0,100.0,100.0,100.0,100.0,165097,29887,6338,6556,38866,1,31,180,-17.2609464,27.4605687
Senanga,2023,November,2023-11-01,324.0,123.0,168.0,197.0,198.0,124.0,3,,,432.0,338.0,405.0,430.0,13094.0,251.0,100.0,100.0,100.0,100.0,100.0,116408,27183,5730,5877,44021,1,20,114,-16.104099,23.301807
Sinazongwe,2023,November,2023-11-01,546.0,183.0,336.0,395.0,395.0,375.0,5,,,423.0,572.0,467.0,461.0,17754.0,615.0,100.0,100.0,100.0,100.0,100.0,165097,29887,6338,6556,38866,1,31,180,-17.2609464,27.4605687
Senanga,2023,December,2023-12-01,343.0,168.0,231.0,187.0,202.0,202.0,4,1.0,,243.0,268.0,326.0,302.0,21938.0,163.0,100.0,100.0,100.0,100.0,100.0,116408,27183,5730,5877,44021,1,20,114,-16.104099,23.301807
Sinazongwe,2023,December,2023-12-01,575.0,194.0,339.0,465.0,465.0,473.0,5,1.0,,481.0,582.0,564.0,475.0,14581.0,610.0,100.0,100.0,100.0,100.0,100.0,165097,29887,6338,6556,38866,1,31,180,-17.2609464,27.4605687
